Magnetometer_X,Magnetometer_Y,Magnetometer_Z,Accelerometer_X,Accelerometer_Y,Accelerometer_Z,Gyro_X,Gyro_Y,Gyro_Z,Roll,Pitch,Yaw
13.95,32.85,50.699999999999996,0.001953125,0.07421875,1.01611328125,-0.5343511450381679,0.05343511450381679,-0.7557251908396947,4.177168506201623,359.89016150148854,336.99112991717715
14.549999999999999,31.5,51.9,0.00244140625,0.0732421875,1.0205078125,-0.3435114503816794,0.09923664122137404,-0.6259541984732825,4.1046092096344475,359.8632806843264,335.2075599813577
13.95,31.799999999999997,49.35,0.00439453125,0.07421875,1.01806640625,-0.42748091603053434,0.0,-0.7175572519083969,4.168685772390168,359.7533362142069,336.31393588713337
13.5,32.699999999999996,50.55,0.00830078125,0.07666015625,1.0205078125,-0.09923664122137404,-0.022900763358778626,-0.7786259541984732,4.294228574717075,359.5352773545949,337.5670090778746
12.75,31.95,50.25,0.00390625,0.07763671875,1.01904296875,-0.31297709923664124,0.015267175572519083,-0.648854961832061,4.355883405186163,359.78100645547465,338.2449838472443
12.15,33.6,49.949999999999996,0.0009765625,0.07666015625,1.02294921875,-0.5267175572519084,0.2748091603053435,-0.48854961832061067,4.2855500344729025,359.94545532345836,340.11964763535735
14.25,32.25,51.3,0.005859375,0.08056640625,1.0185546875,-0.24427480916030533,-0.06870229007633588,-0.5648854961832062,4.521313282065815,359.67142808433715,336.16125981682825
12.0,32.699999999999996,51.3,-0.00048828125,0.0751953125,1.01806640625,-0.4122137404580153,0.11450381679389313,-0.816793893129771,4.224348864600041,0.027405335752061562,339.8482529657881
13.799999999999999,32.25,51.3,0.00537109375,0.07568359375,1.01953125,-0.3282442748091603,0.015267175572519083,-0.8931297709923665,4.244377689178203,359.69898544802356,336.8335800497948
12.75,31.5,50.55,0.00146484375,0.07763671875,1.01806640625,-0.22137404580152673,0.030534351145038167,-0.6641221374045801,4.360565541617934,359.9177987574981,337.96377305985453
15.0,32.1,51.75,0.00537109375,0.07568359375,1.01953125,-0.22900763358778625,0.07633587786259542,-0.5648854961832062,4.244377689178203,359.69898544802356,334.9537992203572
13.5,33.449999999999996,51.9,0.0009765625,0.07763671875,1.0166015625,-0.549618320610687,0.04580152671755725,-0.5954198473282443,4.366928500191863,359.9451206446003,338.02161569573286
13.799999999999999,32.25,49.199999999999996,0.0068359375,0.07861328125,1.0185546875,-0.16030534351145037,-0.03816793893129771,-1.0916030534351144,4.411933223719232,359.6166105245326,336.8335800497948
15.6,32.25,50.55,-0.0009765625,0.07568359375,1.0166015625,-0.5572519083969466,0.24427480916030533,-0.6793893129770993,4.2578852897006945,0.054887261735131705,334.18597407799683
11.7,32.25,50.85,0.001953125,0.0751953125,1.01953125,-0.4351145038167939,0.16030534351145037,-0.8015267175572519,4.217797983675022,359.8905354310099,340.0596994316696
13.799999999999999,31.95,50.85,-0.001953125,0.07666015625,1.017578125,-0.2824427480916031,0.11450381679389313,-0.5877862595419847,4.308702369422271,0.10966181876315036,336.63928264257027
13.799999999999999,33.449999999999996,50.85,0.00341796875,0.07470703125,1.01953125,-0.1450381679389313,0.007633587786259542,-0.7251908396946565,4.190207648146737,359.80843077653975,337.58110794413454
13.799999999999999,34.199999999999996,50.85,0.001953125,0.07666015625,1.0205078125,-0.2748091603053435,0.1984732824427481,-1.0916030534351144,4.295558974999148,359.890651230026,338.02549200852803
11.85,32.1,51.15,0.00048828125,0.0732421875,1.01708984375,-0.25190839694656486,0.20610687022900764,-0.6335877862595419,4.118747926355251,359.97256467007026,339.73792746764775
13.65,33.3,51.449999999999996,0.0029296875,0.07568359375,1.0205078125,-0.09923664122137404,0.16030534351145037,-1.1145038167938932,4.240837263729065,359.83596544287633,337.71078993555096
15.299999999999999,31.95,50.85,-0.001953125,0.07470703125,1.01611328125,-0.5954198473282443,-0.022900763358778626,-0.9923664122137404,4.205357001708586,0.10983465130457051,334.4114868586836
13.65,33.3,50.699999999999996,0.00146484375,0.07763671875,1.02197265625,-0.061068702290076333,0.08396946564885496,-0.9389312977099237,4.343963414350096,359.9181111457057,337.71078993555096
14.25,31.95,51.6,-0.00048828125,0.0751953125,1.0205078125,-0.5877862595419847,-0.030534351145038167,-0.7022900763358778,4.214278979583783,0.02734012722310737,335.96267983656423
13.5,33.0,50.55,0.00390625,0.07421875,1.02099609375,-0.5190839694656488,0.2900763358778626,-0.5267175572519084,4.156867559721874,359.7813688442173,337.7509763427876
13.65,31.799999999999997,51.75,0.00048828125,0.07666015625,1.01611328125,-0.32061068702290074,0.2824427480916031,-0.9770992366412213,4.314374612713804,359.97254521488986,336.76879948445855
12.15,31.049999999999997,51.15,0.00390625,0.07568359375,1.01953125,-0.06870229007633588,0.24427480916030533,-0.8396946564885496,4.244681428793347,359.78107937701554,338.6293777306568
14.549999999999999,31.95,49.8,0.0009765625,0.07421875,1.0185546875,-0.183206106870229,0.0,-0.8396946564885496,4.16739144433625,359.94521164195106,335.51552487307646
13.049999999999999,32.25,51.3,0.00390625,0.0751953125,1.01904296875,-0.4351145038167939,0.05343511450381679,-1.1145038167938932,4.219408625824317,359.7809673291167,337.9692251275432
14.85,32.25,49.8,0.0029296875,0.0732421875,1.02001953125,-0.45038167938931295,0.1450381679389313,-0.7251908396946565,4.106469182806225,359.83585882474506,335.275578608991
13.35,33.3,51.449999999999996,0.001953125,0.07470703125,1.01611328125,-0.2748091603053435,0.07633587786259542,-0.8549618320610687,4.204551644359276,359.8901653486954,338.15410622172226
13.5,31.5,51.3,0.00732421875,0.07080078125,1.0166015625,-0.4198473282442748,0.4122137404580153,-0.8625954198473282,3.9824772538185154,359.5882107633057,336.8014094863518
12.45,33.449999999999996,50.55,0.0009765625,0.07763671875,1.0224609375,-0.4351145038167939,0.26717557251908397,-0.732824427480916,4.34200028939294,359.9454333312763,339.58486885811203
14.85,32.699999999999996,50.25,-0.00048828125,0.0751953125,1.0185546875,-0.20610687022900764,0.06870229007633588,-0.916030534351145,4.222331046537153,0.027392269241455026,335.5758501892451
12.9,31.049999999999997,51.75,0.0029296875,0.0751953125,1.01904296875,-0.33587786259541985,0.1984732824427481,-0.8625954198473282,4.219610042432463,359.83572514673125,337.4391217636314
13.799999999999999,32.699999999999996,51.3,0.0,0.07763671875,1.01904296875,-0.2595419847328244,0.08396946564885496,-0.6870229007633588,4.3567150514006014,-0.0,337.1193628235823
13.35,30.299999999999997,50.4,-0.00048828125,0.07470703125,1.021484375,-0.3816793893129771,0.11450381679389313,-0.8396946564885496,4.183022411098324,0.02731508328349995,336.22199541850284
15.0,31.799999999999997,51.75,0.00146484375,0.07666015625,1.02392578125,-0.2748091603053435,0.0916030534351145,-0.8396946564885496,4.281376420306435,359.91826061322234,334.7468366054261
12.75,33.0,51.6,0.00048828125,0.0751953125,1.01953125,-0.5114503816793893,0.15267175572519084,-0.7022900763358778,4.218099885576928,359.9726338265373,338.8752808539275
13.35,33.3,51.75,0.00341796875,0.0771484375,1.02197265625,-0.45038167938931295,0.2748091603053435,-0.9923664122137404,4.316335618148039,359.8089197108337,338.15410622172226
13.65,32.55,51.449999999999996,-0.00048828125,0.07666015625,1.0205078125,-0.4961832061068702,-0.007633587786259542,-1.083969465648855,4.2960708865303285,0.027337223609739614,337.2490236572124
13.65,32.55,51.75,0.00146484375,0.07568359375,1.01953125,-0.31297709923664124,0.08396946564885496,-0.5954198473282443,4.24518775792641,359.9179044230526,337.2490236572124
13.799999999999999,32.25,49.8,-0.00048828125,0.0732421875,1.0234375,-0.40458015267175573,0.07633587786259542,-0.8244274809160306,4.093484597600217,0.02726603782158581,336.8335800497948
14.399999999999999,32.55,51.15,0.00390625,0.07421875,1.02392578125,-0.20610687022900764,-0.007633587786259542,-0.7175572519083969,4.14501757904222,359.78199111814496,336.1355781603173
12.15,32.1,51.449999999999996,0.00537109375,0.07666015625,1.017578125,-0.35877862595419846,0.0916030534351145,-0.8625954198473282,4.3071579767204105,359.6984324149483,339.2681115079171
12.9,32.1,49.949999999999996,0.00146484375,0.07470703125,1.01708984375,-0.4198473282442748,0.1297709923664122,-0.9541984732824428,4.200629932551119,359.9177026362778,338.1063268582716
13.65,32.55,49.949999999999996,-0.0009765625,0.07470703125,1.01806640625,-0.4580152671755725,0.1297709923664122,-0.9312977099236641,4.19711666001829,0.05481258392151876,337.2490236572124
12.75,31.95,50.85,0.00244140625,0.07275390625,1.01806640625,-0.2748091603053435,0.15267175572519084,-0.6870229007633588,4.087081271229045,359.86294981877097,338.2449838472443
12.9,31.349999999999998,51.15,0.00390625,0.076171875,1.02490234375,-0.24427480916030533,0.16793893129770993,-1.0534351145038168,4.24966427288061,359.78222804512643,337.6336545457316
12.75,31.5,50.55,0.00146484375,0.07568359375,1.02392578125,-0.4732824427480916,0.06870229007633588,-0.9083969465648855,4.22703554736352,359.9182548454659,337.96377305985453
14.399999999999999,32.55,49.949999999999996,0.0029296875,0.07421875,1.02197265625,-0.37404580152671757,0.2748091603053435,-0.8702290076335878,4.153107754628806,359.83618214942106,336.1355781603173
14.25,33.0,52.35,-0.00048828125,0.0732421875,1.01806640625,-0.5801526717557252,0.12213740458015267,-0.9847328244274809,4.115007440489575,0.02740914864247395,336.644435140714
13.65,32.55,49.65,0.001953125,0.07666015625,1.01953125,-0.32061068702290074,0.22137404580152673,-0.8702290076335878,4.299657679997195,359.890547078646,337.2490236572124
13.5,31.95,50.55,0.00048828125,0.0732421875,1.0185546875,-0.20610687022900764,0.05343511450381679,-0.9770992366412213,4.112844994333703,359.9726039233201,337.09423034158283
11.85,31.799999999999997,51.15,0.00390625,0.07763671875,1.02001953125,-0.46564885496183206,0.22137404580152673,-0.9007633587786259,4.351729922967596,359.7812149087666,339.5625180452511
14.85,31.95,50.85,-0.001953125,0.07373046875,1.02001953125,-0.25190839694656486,0.007633587786259542,-1.015267175572519,4.134737126505603,0.10942386217520936,335.0715258645387
12.6,31.799999999999997,50.4,0.0009765625,0.07421875,1.021484375,-0.44274809160305345,0.11450381679389313,-1.0458015267175573,4.155481578016619,359.9453679522659,338.38522105721376
13.799999999999999,33.0,51.6,-0.00048828125,0.07470703125,1.01904296875,-0.2900763358778626,0.20610687022900764,-0.9083969465648855,4.193008565845155,0.027380174880587787,337.30620505490765
12.15,31.799999999999997,52.5,0.00341796875,0.07666015625,1.0185546875,-0.3435114503816794,0.03816793893129771,-0.9083969465648855,4.303455938957431,359.80827525809883,339.0893696455627
13.799999999999999,32.699999999999996,51.6,0.00048828125,0.07373046875,1.01513671875,-0.4198473282442748,0.1450381679389313,-0.8320610687022901,4.154059840826836,359.97251310966686,337.1193628235823
13.65,31.349999999999998,51.15,0.00244140625,0.07763671875,1.0205078125,-0.5725190839694656,0.16793893129770993,-0.8931297709923665,4.349967086013915,359.8633239625172,336.4713683239146
14.25,33.449999999999996,52.35,0.00341796875,0.0791015625,1.01708984375,-0.4732824427480916,0.1984732824427481,-1.16793893129771,4.4463369538074575,359.80803577182024,336.9255604935915
13.95,32.1,49.949999999999996,0.001953125,0.076171875,1.02099609375,-0.3893129770992366,0.12213740458015267,-1.1755725190839694,4.266266623682677,359.89069934123097,336.51122512701363
12.45,31.5,50.55,0.001953125,0.07666015625,1.01904296875,-0.5267175572519084,0.06870229007633588,-0.7938931297709924,4.301709961534543,359.8904949287305,338.4341803845847
13.35,31.799999999999997,51.15,-0.00048828125,0.0751953125,1.01904296875,-0.25190839694656486,-0.04580152671755725,-0.9312977099236641,4.220315151744918,0.027379215150891072,337.2267843856498
12.9,31.799999999999997,50.699999999999996,0.00390625,0.07568359375,1.017578125,-0.22900763358778625,0.022900763358778626,-0.7099236641221374,4.252797189686591,359.7806614974027,337.91955483246664
12.75,31.2,50.85,0.00634765625,0.08251953125,1.02001953125,-0.48854961832061067,0.2595419847328244,-0.8015267175572519,4.62372068580348,359.6446098229554,337.772431417431
12.45,32.25,51.3,0.00341796875,0.07373046875,1.0224609375,-0.26717557251908397,0.22137404580152673,-0.8015267175572519,4.1238179784250155,359.80896358786435,338.89109240154744
13.5,33.449999999999996,51.3,0.0,0.0771484375,1.01953125,-0.2824427480916031,0.0,-0.7099236641221374,4.32735323806637,-0.0,338.02161569573286
13.5,33.0,51.9,0.00048828125,0.0732421875,1.01611328125,-0.4732824427480916,0.13740458015267176,-1.1145038167938932,4.122692620609266,359.97253843884835,337.7509763427876
13.95,32.1,49.949999999999996,0.00244140625,0.0732421875,1.01904296875,-0.3511450381679389,0.12213740458015267,-1.1374045801526718,4.110488548284492,359.86308516444393,336.51122512701363
13.35,32.55,49.949999999999996,0.00048828125,0.07568359375,1.02099609375,-0.48854961832061067,0.2366412213740458,-0.9770992366412213,4.2393217426892855,359.9726738377411,337.6995900072262
14.25,33.75,52.35,0.0,0.07568359375,1.0146484375,-0.5114503816793893,0.17557251908396945,-0.9465648854961832,4.265847037068094,-0.0,337.1094483437517
13.049999999999999,31.95,51.9,0.00244140625,0.07421875,1.021484375,-0.3969465648854962,0.17557251908396945,-0.9465648854961832,4.155184701961329,359.86342009797175,337.7824057304817
13.35,31.349999999999998,51.15,0.0009765625,0.0771484375,1.01953125,-0.33587786259541985,0.08396946564885496,-1.0305343511450382,4.327146786414585,359.9452754552211,336.93388504106304
12.15,32.55,50.699999999999996,0.0,0.078125,1.017578125,-0.1984732824427481,0.25190839694656486,-0.7862595419847328,4.390295582633631,-0.0,339.5308103675178
11.85,32.1,51.75,-0.00146484375,0.07666015625,1.02099609375,-0.3893129770992366,-0.061068702290076333,-0.7709923664122137,4.294228574717075,0.08197261977741359,339.73792746764775
13.5,33.0,50.55,-0.0009765625,0.0771484375,1.02001953125,-0.33587786259541985,0.12213740458015267,-0.8320610687022901,4.3254958807467885,0.054698497309239556,337.7509763427876
15.0,32.1,50.699999999999996,0.00146484375,0.0732421875,1.0205078125,-0.45038167938931295,-0.06870229007633588,-0.9770992366412213,4.104804917071685,359.91796831095104,334.9537992203572
14.549999999999999,33.0,50.85,0.00537109375,0.080078125,1.02099609375,-0.4580152671755725,0.25190839694656486,-0.9312977099236641,4.483431533363052,359.6995130484471,336.2068815019242
13.35,32.85,52.199999999999996,-0.00048828125,0.07666015625,1.02294921875,-0.48854961832061067,0.25190839694656486,-1.0916030534351144,4.285855739784717,0.02727234444986193,337.88353441445696
13.5,32.25,51.3,-0.0009765625,0.0751953125,1.02099609375,-0.4732824427480916,0.16030534351145037,-0.9465648854961832,4.212371116570652,0.05465423284034288,337.28558764683277
14.399999999999999,32.85,52.199999999999996,0.00146484375,0.0751953125,1.02099609375,-0.7404580152671756,0.0916030534351145,-0.9770992366412213,4.211869333913078,359.91801868182125,336.32946151527955
13.049999999999999,31.95,50.85,0.0009765625,0.07958984375,1.01708984375,-0.5801526717557252,0.13740458015267176,-0.9694656488549618,4.4742071221794815,359.9451549308599,337.7824057304817
13.5,31.95,51.3,0.00390625,0.076171875,1.02197265625,-0.20610687022900764,0.2748091603053435,-0.9465648854961832,4.261799638240951,359.7816072086531,337.09423034158283
13.5,32.25,50.85,-0.0009765625,0.07568359375,1.02294921875,-0.2595419847328244,-0.007633587786259542,-0.9007633587786259,4.2315590575641275,0.0545485326790414,337.28558764683277
14.549999999999999,30.9,50.85,-0.00048828125,0.07568359375,1.0185546875,-0.31297709923664124,-0.030534351145038167,-0.9007633587786259,4.249648658907413,0.027391301979178943,334.785483231928
12.6,32.1,49.949999999999996,0.00634765625,0.07568359375,1.01513671875,-0.6106870229007634,0.030534351145038167,-0.9541984732824428,4.262474981270821,359.6427253482709,338.56883272376683
13.65,33.3,51.15,0.00341796875,0.0791015625,1.0185546875,-0.42748091603053434,0.1297709923664122,-0.9847328244274809,4.439969069177429,359.8083101886254,337.71078993555096
14.25,32.25,51.3,0.0009765625,0.07861328125,1.01953125,-0.21374045801526717,0.13740458015267176,-0.9465648854961832,4.408986840096064,359.9452814262899,336.16125981682825
14.7,33.3,51.75,0.0029296875,0.078125,1.0244140625,-0.33587786259541985,-0.1297709923664122,-0.7938931297709924,4.360491329519196,359.83661659658395,336.1813495002662
14.399999999999999,31.799999999999997,51.75,0.001953125,0.07470703125,1.0205078125,-0.4351145038167939,0.24427480916030533,-0.9618320610687023,4.186512159701665,359.89063579312545,335.6375469846878
14.25,31.95,50.85,0.001953125,0.07763671875,1.021484375,-0.32061068702290074,0.0916030534351145,-0.8396946564885496,4.345928311857016,359.8907630268553,335.96267983656423
14.549999999999999,31.95,51.9,0.00244140625,0.078125,1.01904296875,-0.3816793893129771,0.16030534351145037,-0.9770992366412213,4.383486237719903,359.86313361150013,335.51552487307646
13.65,33.6,50.4,0.00390625,0.07861328125,1.02001953125,-0.3816793893129771,0.0916030534351145,-0.9083969465648855,4.406254427031514,359.7812308576551,337.8905516562483
13.65,32.85,51.449999999999996,0.00341796875,0.07470703125,1.0185546875,-0.42748091603053434,0.04580152671755725,-0.8091603053435115,4.1942101037031065,359.8082480888809,337.43588830667477
12.75,32.25,51.6,-0.0029296875,0.076171875,1.0234375,-0.3435114503816794,0.17557251908396945,-0.8778625954198473,4.25713958042963,0.16356179493237544,338.4286928087454
13.95,32.55,50.4,0.0009765625,0.07763671875,1.021484375,-0.2748091603053435,-0.04580152671755725,-1.0763358778625953,4.346135246383664,359.94538146379426,336.8014094863518
13.799999999999999,31.5,49.8,0.001953125,0.07470703125,1.0185546875,-0.3511450381679389,0.1450381679389313,-1.0,4.194510595579761,359.890427203853,336.3420030012373
13.65,32.55,51.449999999999996,0.00146484375,0.07470703125,1.021484375,-0.19083969465648856,0.0,-1.0458015267175573,4.182623952438606,359.9180547998147,337.2490236572124
13.5,33.449999999999996,50.25,0.00048828125,0.0771484375,1.02099609375,-0.3053435114503817,0.1450381679389313,-0.9007633587786259,4.321065295538997,359.972676755549,338.02161569573286
13.5,31.5,51.9,0.0009765625,0.078125,1.0224609375,-0.2748091603053435,0.061068702290076333,-1.1068702290076335,4.3692030517765525,359.9454353046721,336.8014094863518
14.399999999999999,31.799999999999997,51.75,0.0009765625,0.07666015625,1.01806640625,-0.44274809160305345,0.1450381679389313,-0.916030534351145,4.306026124205765,359.9451951899053,335.6375469846878
13.65,33.3,52.199999999999996,0.00439453125,0.07568359375,1.02197265625,-0.48854961832061067,-0.022900763358778626,-1.1297709923664123,4.234479332803068,359.75429975230304,337.71078993555096
14.25,32.25,50.55,-0.00048828125,0.07275390625,1.021484375,-0.45038167938931295,0.2366412213740458,-1.0305343511450382,4.0740355050367905,0.02731883377944154,336.16125981682825
15.0,32.55,51.15,0.00244140625,0.078125,1.01904296875,-0.37404580152671757,0.15267175572519084,-1.1526717557251909,4.383486237719903,359.86313361150013,335.2583559368597
13.799999999999999,32.699999999999996,51.6,0.0009765625,0.076171875,1.01904296875,-0.5572519083969466,0.03816793893129771,-0.8778625954198473,4.274616449680439,359.9452454580168,337.1193628235823
13.95,32.55,50.4,0.00439453125,0.07568359375,1.01708984375,-0.1984732824427481,0.07633587786259542,-0.7557251908396947,4.254729237183124,359.75312669679636,336.8014094863518
14.549999999999999,32.699999999999996,50.25,-0.0009765625,0.076171875,1.01904296875,-0.26717557251908397,0.007633587786259542,-0.8702290076335878,4.275024592853603,0.05475454198317619,336.0131298441219
14.399999999999999,31.799999999999997,49.65,0.00146484375,0.07861328125,1.0166015625,-0.366412213740458,0.10687022900763359,-0.8244274809160306,4.421536172005165,359.91768703944916,335.6375469846878
13.5,31.2,50.55,0.0009765625,0.07470703125,1.01953125,-0.2366412213740458,-0.06870229007633588,-0.7175572519083969,4.190707538032463,359.9452657488443,336.6022360840739
15.0,32.1,51.75,0.00537109375,0.07568359375,1.01708984375,-0.33587786259541985,0.2824427480916031,-0.7557251908396947,4.254525781251287,359.6982668848489,334.9537992203572
13.799999999999999,32.25,51.9,-0.00048828125,0.078125,1.02099609375,-0.3969465648854962,0.22137404580152673,-0.8625954198473282,4.375759677241881,0.027321268702986425,336.8335800497948
13.65,32.55,49.949999999999996,0.001953125,0.07470703125,1.02197265625,-0.366412213740458,0.21374045801526717,-0.8931297709923665,4.180533287062306,359.89079171604266,337.2490236572124
14.549999999999999,33.0,51.6,0.001953125,0.07763671875,1.02001953125,-0.7480916030534351,0.25190839694656486,-0.8549618320610687,4.352144915397604,359.890607055616,336.2068815019242
14.549999999999999,32.25,50.55,0.00390625,0.0791015625,1.0185546875,-0.3282442748091603,0.26717557251908397,-0.8625954198473282,4.4398630919847175,359.78092618007406,335.7168750554553
13.65,32.1,48.3,0.0048828125,0.07958984375,1.02099609375,-0.1297709923664122,0.1450381679389313,-0.7251908396946565,4.456310086033611,359.7268194563075,336.96317015061607
14.25,32.25,50.85,0.0048828125,0.078125,1.01806640625,-0.3435114503816794,0.05343511450381679,-1.1068702290076335,4.387150186301124,359.7260077534828,336.16125981682825
12.75,32.25,51.3,0.0029296875,0.0791015625,1.0185546875,-0.3816793893129771,0.183206106870229,-0.9847328244274809,4.4400750514193685,359.8356942847519,338.4286928087454
14.7,31.799999999999997,50.699999999999996,0.0029296875,0.07666015625,1.0205078125,-0.26717557251908397,0.16030534351145037,-1.0610687022900764,4.295354244480131,359.83597709396764,335.19059162454045
13.5,30.9,50.55,0.0,0.0751953125,1.017578125,-0.3053435114503817,-0.16030534351145037,-0.8091603053435115,4.226267575692677,-0.0,336.3998101320822
13.799999999999999,32.25,51.9,0.0,0.07421875,1.017578125,-0.31297709923664124,0.16793893129770993,-0.9694656488549618,4.171576013714978,-0.0,336.8335800497948
14.399999999999999,32.55,50.4,0.00048828125,0.076171875,1.02294921875,-0.3282442748091603,0.05343511450381679,-0.816793893129771,4.258455521800088,359.97272668847637,336.1355781603173
14.85,31.5,51.6,-0.0009765625,0.07470703125,1.01806640625,-0.40458015267175573,0.26717557251908397,-0.8702290076335878,4.19711666001829,0.05481258392151876,334.7594707352132
12.6,31.049999999999997,49.949999999999996,-0.001953125,0.07861328125,1.0185546875,-0.6030534351145038,0.4961832061068702,-1.0305343511450382,4.413829403730442,0.10954135157794767,337.91282839677166
12.0,32.699999999999996,50.25,0.00537109375,0.0751953125,1.0166015625,-0.21374045801526717,0.15267175572519084,-0.8931297709923665,4.229199491354142,359.69811206079186,339.8482529657881
14.25,32.25,52.35,0.001953125,0.0751953125,1.021484375,-0.22900763358778625,0.22900763358778625,-1.16793893129771,4.209763149190833,359.89074360262146,336.16125981682825
13.35,32.85,51.15,0.00146484375,0.0771484375,1.01708984375,-0.4351145038167939,0.16030534351145037,-1.0,4.3373898000558455,359.91771730034037,337.88353441445696
14.399999999999999,33.6,51.15,0.00390625,0.07666015625,1.0205078125,-0.6259541984732825,0.1984732824427481,-0.9541984732824428,4.295149533438929,359.78130325662073,336.8014094863518
14.25,32.699999999999996,50.85,0.0048828125,0.07763671875,1.01953125,-0.5190839694656488,0.1450381679389313,-1.0229007633587786,4.353598011212948,359.7263891632551,336.45339964422766
13.049999999999999,33.0,50.25,0.001953125,0.0751953125,1.0244140625,-0.44274809160305345,0.17557251908396945,-0.9007633587786259,4.197768029816534,359.8910543836816,338.4234550558106
13.5,32.25,51.3,0.00244140625,0.07763671875,1.021484375,-0.5419847328244275,-0.04580152671755725,-0.732824427480916,4.345824851968989,359.8634538766315,337.28558764683277
13.35,31.799999999999997,51.449999999999996,0.00048828125,0.078125,1.02197265625,-0.5190839694656488,0.09923664122137404,-0.8320610687022901,4.371386413540913,359.97270468681967,337.2267843856498
12.45,31.95,49.8,0.001953125,0.07763671875,1.0224609375,-0.2824427480916031,0.06870229007633588,-1.0,4.341793747675201,359.8908667615369,338.7105619193482
12.45,32.25,50.25,0.00048828125,0.0751953125,1.02001953125,-0.22137404580152673,0.07633587786259542,-1.0610687022900764,4.216088020729391,359.9726468558407,338.89109240154744
12.45,33.0,51.3,0.0,0.07421875,1.0166015625,-0.4198473282442748,0.15267175572519084,-0.8091603053435115,4.1755691244184785,-0.0,339.3298767240665
13.65,32.1,52.199999999999996,0.00146484375,0.078125,1.0185546875,-0.5954198473282443,-0.12213740458015267,-1.0076335877862594,4.385788577727394,359.9178409300034,336.96317015061607
14.399999999999999,31.049999999999997,51.15,0.00341796875,0.07373046875,1.01708984375,-0.4961832061068702,0.0,-0.8854961832061069,4.145515851951439,359.80796002165107,335.1196331408183
14.25,31.95,51.9,0.00732421875,0.07861328125,1.02197265625,-0.6641221374045801,0.13740458015267176,-0.9312977099236641,4.397135879941009,359.59059215224903,335.96267983656423
12.45,32.699999999999996,51.6,-0.00244140625,0.07861328125,1.021484375,-0.4122137404580153,0.22137404580152673,-0.9770992366412213,4.401323633086891,0.13653619779809464,339.1564720975483
13.35,32.1,49.949999999999996,0.00537109375,0.0732421875,1.01708984375,-0.4351145038167939,0.1450381679389313,-1.0229007633587786,4.117762929972793,359.69821413854777,337.4181674257385
13.049999999999999,30.9,50.55,0.0048828125,0.07666015625,1.01513671875,-0.5419847328244275,0.03816793893129771,-0.9083969465648855,4.3175782688044,359.72519161682163,337.10420291856144
15.0,31.349999999999998,50.699999999999996,0.001953125,0.07666015625,1.0234375,-0.46564885496183206,0.07633587786259542,-1.1145038167938932,4.28330952490645,359.89096250160014,334.4303351872475
13.95,31.049999999999997,51.15,0.0009765625,0.078125,1.0166015625,-0.3893129770992366,0.16030534351145037,-0.7862595419847328,4.394286219174542,359.94512265211443,335.80679101271124
11.85,31.799999999999997,50.699999999999996,0.0009765625,0.0771484375,1.02001953125,-0.45038167938931295,0.29770992366412213,-0.916030534351145,4.325083350767828,359.94530150269077,339.5625180452511
13.799999999999999,32.699999999999996,51.6,0.0029296875,0.078125,1.0185546875,-0.48854961832061067,0.16030534351145037,-0.8396946564885496,4.385474480147508,359.83568219787674,337.1193628235823
13.5,31.95,50.85,0.001953125,0.07421875,1.02001953125,-0.4732824427480916,0.1297709923664122,-1.0916030534351144,4.161229516857845,359.8905799166866,337.09423034158283
13.049999999999999,32.699999999999996,51.3,0.00244140625,0.07763671875,1.021484375,-0.33587786259541985,-0.08396946564885496,-0.7404580152671756,4.345824851968989,359.8634538766315,338.24391944367926
14.399999999999999,31.799999999999997,51.75,0.00146484375,0.0771484375,1.01904296875,-0.33587786259541985,0.05343511450381679,-0.9465648854961832,4.329108871299885,359.9178741057512,335.6375469846878
12.75,32.699999999999996,51.3,0.0048828125,0.0751953125,1.01904296875,-0.29770992366412213,0.33587786259541985,-1.0,4.219207228409111,359.72620991161705,338.69877905622195
13.95,33.9,51.449999999999996,0.00244140625,0.07861328125,1.02099609375,-0.6335877862595419,0.06870229007633588,-0.8473282442748091,4.402371815572411,359.863398890106,337.63261718008295
13.95,31.799999999999997,51.75,0.00146484375,0.0791015625,1.0205078125,-0.366412213740458,0.2748091603053435,-0.9694656488549618,4.431929166537487,359.91800326402597,336.31393588713337
14.399999999999999,31.799999999999997,52.8,0.00341796875,0.07568359375,1.0185546875,-0.3435114503816794,0.05343511450381679,-0.7099236641221374,4.248836890088171,359.8082615872909,335.6375469846878
15.0,31.799999999999997,51.449999999999996,0.0009765625,0.08056640625,1.017578125,-0.5267175572519084,0.13740458015267176,-1.0610687022900764,4.526714334522832,359.94518520244054,334.7468366054261
12.9,32.1,51.15,0.00439453125,0.076171875,1.017578125,-0.5954198473282443,0.25190839694656486,-0.9007633587786259,4.28003066763022,359.7532532904815,338.1063268582716
13.65,32.55,48.3,0.0,0.07861328125,1.0224609375,-0.5267175572519084,-0.030534351145038167,-0.9465648854961832,4.396612969957823,-0.0,337.2490236572124
13.65,31.799999999999997,50.699999999999996,0.005859375,0.07666015625,1.01953125,-0.5267175572519084,0.03816793893129771,-1.0,4.298837314551786,359.6716444312912,336.76879948445855
13.799999999999999,33.449999999999996,49.199999999999996,0.00537109375,0.07080078125,1.02001953125,-0.4732824427480916,0.09923664122137404,-1.0,3.969558620820742,359.6990258489073,337.58110794413454
13.35,30.299999999999997,51.449999999999996,0.00537109375,0.07666015625,1.02001953125,-0.3511450381679389,-0.09923664122137404,-0.9083969465648855,4.296890198336119,359.69915014173347,336.22199541850284
13.65,33.3,51.75,-0.00048828125,0.07958984375,1.02099609375,-0.37404580152671757,0.2824427480916031,-0.8778625954198473,4.457477543015135,0.02731825930695185,337.71078993555096
12.9,31.799999999999997,50.699999999999996,0.00244140625,0.076171875,1.0205078125,-0.48854961832061067,0.09923664122137404,-0.8396946564885496,4.268198440007764,359.8633092609462,337.91955483246664
13.799999999999999,32.699999999999996,50.25,0.005859375,0.076171875,1.0224609375,-0.4122137404580153,0.22900763358778625,-0.8625954198473282,4.259367033934714,359.67256836990225,337.1193628235823
14.549999999999999,32.699999999999996,50.85,0.00146484375,0.0751953125,1.02197265625,-0.5801526717557252,0.15267175572519084,-0.8091603053435115,4.207859364474523,359.9180965982624,336.0131298441219
13.799999999999999,31.5,50.25,-0.00439453125,0.0791015625,1.01953125,-0.4732824427480916,0.1297709923664122,-0.8778625954198473,4.437427009311635,0.24622307388686665,336.3420030012373
13.65,33.6,51.75,-0.001953125,0.08154296875,1.02294921875,-0.0916030534351145,0.05343511450381679,-0.9312977099236641,4.558049250954803,0.10904923610059003,337.8905516562483
13.35,32.85,52.8,0.0029296875,0.0771484375,1.01806640625,-0.2900763358778626,0.0916030534351145,-0.9312977099236641,4.3329348746308245,359.83559189364314,337.88353441445696
14.85,32.699999999999996,50.85,0.00146484375,0.0791015625,1.01953125,-0.2748091603053435,0.19083969465648856,-1.0229007633587786,4.436157068458073,359.91792519293193,335.5758501892451
14.25,32.699999999999996,51.3,0.0009765625,0.076171875,1.02001953125,-0.549618320610687,0.21374045801526717,-0.9847328244274809,4.270539292193958,359.94529758890377,336.45339964422766
15.0,33.3,51.15,0.0048828125,0.078125,1.01953125,-0.32061068702290074,-0.007633587786259542,-1.0076335877862594,4.380872868950389,359.72639911482526,335.7507955895986
13.35,31.349999999999998,50.699999999999996,-0.0029296875,0.07666015625,1.0234375,-0.4961832061068702,0.22900763358778625,-0.9694656488549618,4.284327648400734,0.16355600079080537,336.93388504106304
14.85,31.2,50.55,0.00341796875,0.07666015625,1.017578125,-0.4198473282442748,0.24427480916030533,-0.7633587786259542,4.307569706715144,359.8080923004787,334.54734843921983
12.9,32.55,51.75,0.00146484375,0.0751953125,1.01953125,-0.3282442748091603,0.1450381679389313,-0.8702290076335878,4.217898612849106,359.9179015295562,338.3809153700262
13.049999999999999,31.95,50.25,0.00341796875,0.07568359375,1.01611328125,-0.549618320610687,0.3969465648854962,-0.6717557251908397,4.259006302998837,359.8078034412288,337.7824057304817
14.7,32.55,51.15,0.00439453125,0.07666015625,1.01806640625,-0.48091603053435117,-0.061068702290076333,-0.9389312977099237,4.305306163512307,359.75337980243893,335.6954507340633
13.95,32.55,50.699999999999996,0.0,0.07470703125,1.01611328125,-0.5572519083969466,0.030534351145038167,-0.8473282442748091,4.204954284541506,-0.0,336.8014094863518
13.5,33.449999999999996,50.55,0.005859375,0.07568359375,1.0205078125,-0.6641221374045801,0.09923664122137404,-0.9083969465648855,4.240230925540606,359.6719335747084,338.02161569573286
15.899999999999999,32.699999999999996,49.8,0.0048828125,0.072265625,1.01708984375,-0.4732824427480916,0.21374045801526717,-0.8931297709923665,4.063141716680366,359.7256300293482,334.06919353734816
13.799999999999999,33.449999999999996,48.75,0.00146484375,0.078125,1.01904296875,-0.5190839694656488,0.16793893129770993,-0.8931297709923665,4.383695441660886,359.9178800669333,337.58110794413454
14.7,32.55,50.699999999999996,0.001953125,0.07275390625,1.0166015625,-0.35877862595419846,0.10687022900763359,-0.8931297709923665,4.093047682606601,359.8902026015343,335.6954507340633
12.75,31.2,50.85,0.0029296875,0.07470703125,1.02392578125,-0.366412213740458,-0.03816793893129771,-0.8320610687022901,4.172389676182532,359.8364986337734,337.772431417431
13.5,33.449999999999996,51.3,0.0,0.07275390625,1.02099609375,-0.3053435114503817,0.17557251908396945,-0.8320610687022901,4.0758802169185,-0.0,338.02161569573286
11.85,32.1,50.4,0.0029296875,0.07666015625,1.01806640625,-0.37404580152671757,0.061068702290076333,-0.7786259541984732,4.305614688668716,359.8355859708585,339.73792746764775
12.15,31.799999999999997,51.15,-0.00146484375,0.0751953125,1.02099609375,-0.5267175572519084,0.07633587786259542,-0.7404580152671756,4.212471487423864,0.08198131817874127,339.0893696455627
13.049999999999999,32.25,51.3,0.00341796875,0.07373046875,1.0224609375,-0.37404580152671757,0.04580152671755725,-0.9236641221374046,4.1238179784250155,359.80896358786435,337.9692251275432
13.799999999999999,34.199999999999996,49.8,0.0029296875,0.07568359375,1.0205078125,-0.3282442748091603,0.022900763358778626,-1.1526717557251909,4.240837263729065,359.83596544287633,338.02549200852803
13.799999999999999,32.25,51.9,0.00341796875,0.07470703125,1.0166015625,-0.48854961832061067,0.07633587786259542,-0.8473282442748091,4.2022379561946135,359.8078816690902,336.8335800497948
13.799999999999999,32.25,51.6,0.00048828125,0.0751953125,1.015625,-0.2366412213740458,0.09923664122137404,-0.9541984732824428,4.234264065538409,359.9725291447741,336.8335800497948
12.15,33.3,50.4,0.00634765625,0.07275390625,1.021484375,-0.6106870229007634,0.20610687022900764,-0.8015267175572519,4.072677309984472,359.6448596821598,339.954750574579
12.6,33.6,49.949999999999996,0.00341796875,0.07958984375,1.02001953125,-0.33587786259541985,0.12213740458015267,-1.1984732824427482,4.460877255202618,359.80859090907876,339.44395478041656
14.549999999999999,32.699999999999996,50.85,0.00048828125,0.07568359375,1.02099609375,-0.5190839694656488,0.04580152671755725,-1.282442748091603,4.2393217426892855,359.9726738377411,336.0131298441219
14.85,32.25,51.6,0.00048828125,0.0771484375,1.02099609375,-0.42748091603053434,0.09923664122137404,-0.9618320610687023,4.321065295538997,359.972676755549,335.275578608991
14.85,32.699999999999996,51.3,0.00244140625,0.078125,1.02392578125,-0.648854961832061,0.07633587786259542,-1.1221374045801527,4.362666007839119,359.86378249951485,335.5758501892451
13.35,32.85,51.15,0.00244140625,0.0751953125,1.02001953125,-0.4580152671755725,-0.022900763358778626,-0.8396946564885496,4.215685877621184,359.86323452856817,337.88353441445696
14.25,33.0,50.55,0.00048828125,0.0771484375,1.0234375,-0.31297709923664124,0.0,-0.9770992366412213,4.310796557751767,359.9727415663137,336.644435140714
13.799999999999999,32.25,49.8,0.0029296875,0.07861328125,1.02099609375,-0.6641221374045801,0.15267175572519084,-0.9923664122137404,4.402266974902244,359.83607880478326,336.8335800497948
12.45,32.25,51.6,0.001953125,0.076171875,1.02001953125,-0.48854961832061067,0.3816793893129771,-0.8778625954198473,4.270335638094778,359.8905952775323,338.89109240154744
13.65,32.55,49.949999999999996,0.00244140625,0.078125,1.01806640625,-0.44274809160305345,0.03816793893129771,-1.0229007633587786,4.387674106612269,359.8630030935245,337.2490236572124
13.65,32.55,50.699999999999996,0.0048828125,0.07666015625,1.01708984375,-0.2900763358778626,0.061068702290076333,-1.0763358778625953,4.309320436070267,359.72571634148113,337.2490236572124
12.75,33.449999999999996,50.25,0.001953125,0.07421875,1.0185546875,-0.46564885496183206,-0.08396946564885496,-0.6183206106870229,4.167192388152629,359.89042338409774,339.1348584290308
14.7,31.799999999999997,50.699999999999996,0.0029296875,0.0771484375,1.021484375,-0.5114503816793893,0.07633587786259542,-0.9541984732824428,4.318493536042363,359.8361388879908,335.19059162454045
11.85,32.1,50.4,0.0,0.0751953125,1.0234375,-0.4580152671755725,0.32061068702290074,-0.8244274809160306,4.202158309224194,-0.0,339.73792746764775
13.799999999999999,33.0,51.3,0.00244140625,0.0791015625,1.0185546875,-0.46564885496183206,-0.030534351145038167,-0.816793893129771,4.440181038710897,359.86307845594325,337.30620505490765
11.549999999999999,31.799999999999997,50.699999999999996,0.00146484375,0.08056640625,1.0205078125,-0.08396946564885496,0.16793893129770993,-0.9770992366412213,4.5136658494557835,359.918012415019,340.0385964238473
12.9,32.55,50.699999999999996,0.00439453125,0.0771484375,1.02197265625,-0.42748091603053434,0.183206106870229,-0.8320610687022901,4.316130214415132,359.7543259373083,338.3809153700262
12.6,33.3,51.75,0.00341796875,0.0771484375,1.01904296875,-0.46564885496183206,0.10687022900763359,-0.9007633587786259,4.328695653223952,359.8083734966839,339.2744411344395
14.25,32.25,50.55,0.0029296875,0.0791015625,1.0234375,-0.2748091603053435,0.2366412213740458,-0.8473282442748091,4.418978611922965,359.8364735157051,336.16125981682825
13.5,31.95,51.6,0.00244140625,0.07373046875,1.02001953125,-0.4961832061068702,0.20610687022900764,-0.8091603053435115,4.1338496402313325,359.86322026582184,337.09423034158283
14.399999999999999,31.799999999999997,50.699999999999996,0.00439453125,0.07763671875,1.021484375,-0.4122137404580153,0.17557251908396945,-1.0229007633587786,4.345411061577388,359.7542180202261,335.6375469846878
13.5,31.95,51.3,0.00048828125,0.07568359375,1.01904296875,-0.4732824427480916,0.06870229007633588,-0.8702290076335878,4.247417039284827,359.9726217507292,337.09423034158283
13.799999999999999,31.95,50.55,0.001953125,0.076171875,1.0244140625,-0.32061068702290074,0.022900763358778626,-0.8396946564885496,4.252085824139137,359.89106201465773,336.63928264257027
14.85,31.95,50.85,-0.00048828125,0.076171875,1.0185546875,-0.549618320610687,0.13740458015267176,-1.015267175572519,4.276964335792539,0.027390328559761683,335.0715258645387
15.299999999999999,32.699999999999996,50.25,0.00146484375,0.07470703125,1.0205078125,-0.6564885496183206,0.022900763358778626,-0.9236641221374046,4.18661195221309,359.91797680126297,334.92558065818434
14.25,32.25,49.8,0.0029296875,0.0771484375,1.02099609375,-0.6183206106870229,0.015267175572519083,-0.8931297709923665,4.320550699086997,359.83606096825224,336.16125981682825
14.85,32.699999999999996,50.25,0.00927734375,0.07763671875,1.02197265625,-0.3053435114503817,0.09923664122137404,-1.015267175572519,4.342310138746528,359.4813844002866,335.5758501892451
14.25,33.0,50.55,0.0029296875,0.078125,1.0234375,-0.2900763358778626,0.1450381679389313,-0.6870229007633588,4.364635440250878,359.83646159999654,336.644435140714
13.95,32.55,51.75,0.0048828125,0.076171875,1.0185546875,-0.366412213740458,0.08396946564885496,-0.9694656488549618,4.275841112628942,359.7260987800417,336.8014094863518
13.95,33.3,50.699999999999996,0.0029296875,0.07421875,1.01953125,-0.40458015267175573,0.12213740458015267,-1.0076335877862594,4.163016588844379,359.83579193288267,337.2702679200553
13.5,30.9,51.6,0.0029296875,0.0751953125,1.017578125,-0.32061068702290074,0.04580152671755725,-0.7786259541984732,4.225661478996592,359.8354899513167,336.3998101320822
12.15,33.6,51.15,0.0029296875,0.0732421875,1.01953125,-0.33587786259541985,0.06870229007633588,-1.0229007633587786,4.1084288681278585,359.8357806170235,340.11964763535735
14.7,32.85,51.449999999999996,0.00244140625,0.0791015625,1.0224609375,-0.6412213740458015,0.061068702290076333,-1.1145038167938932,4.423287062467886,359.8635984362782,335.89202903715267
13.049999999999999,31.95,51.6,0.00537109375,0.0810546875,1.01806640625,-0.5877862595419847,0.08396946564885496,-1.2366412213740459,4.550880977790141,359.69867639475206,337.7824057304817
12.75,31.5,51.3,0.00048828125,0.07470703125,1.01953125,-0.42748091603053434,0.15267175572519084,-0.8778625954198473,4.190807530297207,359.97263286817844,337.96377305985453
13.5,31.5,49.8,-0.00048828125,0.076171875,1.02197265625,-0.5648854961832062,0.12213740458015267,-0.9312977099236641,4.262712580047613,0.02729922906154899,336.8014094863518
14.399999999999999,32.85,51.75,0.0068359375,0.072265625,1.0185546875,-0.20610687022900764,0.32061068702290074,-0.6641221374045801,4.056931621419467,359.6164344931555,336.32946151527955
13.5,31.5,50.55,0.00341796875,0.0732421875,1.0205078125,-0.366412213740458,-0.04580152671755725,-1.1297709923664123,4.104413520826129,359.808593306812,336.8014094863518
12.75,31.95,50.55,-0.00048828125,0.076171875,1.01806640625,-0.3969465648854962,0.31297709923664124,-0.8015267175572519,4.279008069513972,0.02740339229204019,338.2449838472443
15.299999999999999,32.25,51.3,0.00244140625,0.07568359375,1.02001953125,-0.42748091603053434,0.29770992366412213,-0.7862595419847328,4.242960811165817,359.86323934416004,334.6194672085755
13.35,31.349999999999998,51.449999999999996,0.001953125,0.0751953125,1.021484375,-0.37404580152671757,0.09923664122137404,-0.8473282442748091,4.209763149190833,359.89074360262146,336.93388504106304
13.5,30.9,50.85,0.00048828125,0.076171875,1.0166015625,-0.3893129770992366,-0.015267175572519083,-0.7938931297709924,4.284945937256366,359.9725573418457,336.3998101320822
12.9,33.9,50.4,0.00341796875,0.078125,1.0224609375,-0.183206106870229,0.2748091603053435,-1.0763358778625953,4.36868352454347,359.80902421586336,339.16662984298546
13.95,30.599999999999998,49.949999999999996,0.0029296875,0.07470703125,1.0224609375,-0.42748091603053434,-0.13740458015267176,-0.916030534351145,4.178345302721125,359.8362656354041,335.49259476987027
11.549999999999999,31.799999999999997,52.199999999999996,0.0,0.0732421875,1.02490234375,-0.3511450381679389,0.07633587786259542,-0.9312977099236641,4.087556642498279,-0.0,340.0385964238473
14.85,33.0,50.25,0.00244140625,0.07470703125,1.0224609375,-0.48091603053435117,0.09923664122137404,-0.8473282442748091,4.178444706956136,359.863554582679,335.77225468204585
15.0,32.1,51.75,0.00537109375,0.078125,1.01953125,-0.48091603053435117,0.2748091603053435,-0.8320610687022901,4.380768398886647,359.6990395066986,334.9537992203572
12.6,33.3,51.15,0.00244140625,0.08056640625,1.02197265625,-0.5572519083969466,0.25190839694656486,-0.8702290076335878,4.507008893822907,359.8635488406826,339.2744411344395
13.5,32.699999999999996,51.6,0.001953125,0.07861328125,1.02099609375,-0.4580152671755725,0.22137404580152673,-0.8778625954198473,4.402476661226458,359.8907190375449,337.5670090778746
13.799999999999999,32.25,49.5,0.0009765625,0.07666015625,1.01953125,-0.3435114503816794,0.21374045801526717,-0.9312977099236641,4.299862820192071,359.94527348939465,336.8335800497948
12.75,33.449999999999996,51.6,0.00244140625,0.0751953125,1.015625,-0.549618320610687,-0.030534351145038167,-0.9541984732824428,4.2338584540783115,359.86264597646857,339.1348584290308
13.5,31.95,50.85,-0.00048828125,0.0771484375,1.01953125,-0.24427480916030533,0.06870229007633588,-0.6106870229007634,4.327456471265868,0.027362278629831246,337.09423034158283
13.049999999999999,33.449999999999996,50.55,0.00048828125,0.07666015625,1.0185546875,-0.4198473282442748,0.20610687022900764,-0.7786259541984732,4.304072504084671,359.9726106510148,338.6875263367208
12.15,31.799999999999997,51.75,0.00341796875,0.07763671875,1.01904296875,-0.5572519083969466,0.022900763358778626,-0.9083969465648855,4.355987343632567,359.8083804298415,339.0893696455627
14.25,31.95,51.6,0.0009765625,0.078125,1.01904296875,-0.24427480916030533,0.183206106870229,-0.9923664122137404,4.383800051105204,359.9452533571291,335.96267983656423
13.799999999999999,32.25,50.55,0.001953125,0.0751953125,1.01904296875,-0.6259541984732825,0.26717557251908397,-0.9694656488549618,4.219811478236288,359.89048326443583,336.8335800497948
14.399999999999999,31.799999999999997,51.15,0.0029296875,0.0771484375,1.01806640625,-0.3893129770992366,0.19083969465648856,-1.0610687022900764,4.3329348746308245,359.83559189364314,335.6375469846878
12.45,31.95,51.3,0.005859375,0.07666015625,1.0224609375,-0.33587786259541985,0.05343511450381679,-0.8702290076335878,4.286569221501921,359.6725799909519,338.7105619193482
13.95,32.85,51.449999999999996,0.00048828125,0.078125,1.01904296875,-0.4732824427480916,0.29770992366412213,-0.7862595419847328,4.383904665532549,359.9726266723166,336.99112991717715
13.5,32.699999999999996,50.55,0.00146484375,0.08056640625,1.0185546875,-0.4198473282442748,0.07633587786259542,-0.8778625954198473,4.5222845221059975,359.91785617689226,337.5670090778746
13.049999999999999,29.7,50.55,0.00146484375,0.07666015625,1.0166015625,-0.44274809160305345,0.0,-0.9312977099236641,4.312103927573196,359.9176750314947,336.2796044276954
12.75,31.5,51.3,0.0009765625,0.076171875,1.02197265625,-0.24427480916030533,0.1984732824427481,-0.916030534351145,4.2624082227362665,359.9454015542716,337.96377305985453
14.7,32.55,49.65,0.00146484375,0.07568359375,1.017578125,-0.40458015267175573,0.09923664122137404,-0.916030534351145,4.253305453410964,359.917747716228,335.6954507340633
14.25,31.95,51.3,-0.00048828125,0.08154296875,1.0185546875,-0.3816793893129771,-0.015267175572519083,-0.7404580152671756,4.577305551240092,0.027379215150891072,335.96267983656423
15.299999999999999,33.0,50.55,0.00244140625,0.07666015625,1.02490234375,-0.24427480916030533,0.3282442748091603,-0.9236641221374046,4.277109415656242,359.8638969367107,335.12584608587235
13.65,32.1,50.4,0.00146484375,0.07763671875,1.02099609375,-0.48854961832061067,0.061068702290076333,-0.9007633587786259,4.348102105813659,359.91803327081453,336.96317015061607
13.799999999999999,33.0,51.6,0.001953125,0.07763671875,1.01806640625,-0.5190839694656488,0.2366412213740458,-0.9083969465648855,4.360461385000262,359.8903984018182,337.30620505490765
12.6,31.799999999999997,50.699999999999996,0.0,0.0771484375,1.0185546875,-0.2900763358778626,0.19083969465648856,-0.8473282442748091,4.33148640415093,-0.0,338.38522105721376
13.65,32.1,51.449999999999996,0.0029296875,0.07958984375,1.021484375,-0.45038167938931295,0.20610687022900764,-0.8396946564885496,4.454613055841397,359.83616875599563,336.96317015061607
15.0,33.6,50.4,0.00634765625,0.0771484375,1.017578125,-0.24427480916030533,0.16030534351145037,-1.0458015267175573,4.3342807489751465,359.6436161011602,335.9426505499883
13.049999999999999,32.25,50.25,0.00146484375,0.076171875,1.01953125,-0.37404580152671757,-0.13740458015267176,-0.9923664122137404,4.2724749735849885,359.9179073349683,337.9692251275432
14.25,31.95,49.5,0.00244140625,0.0791015625,1.02294921875,-0.5343511450381679,0.11450381679389313,-0.6946564885496184,4.421184332310097,359.86366315708943,335.96267983656423
12.75,30.45,50.55,0.00146484375,0.07958984375,1.01904296875,-0.21374045801526717,-0.22900763358778625,-0.8396946564885496,4.465560318801375,359.91788914680546,337.28000271854233
15.299999999999999,33.0,51.9,0.00244140625,0.07666015625,1.021484375,-0.3511450381679389,0.16793893129770993,-0.9694656488549618,4.2913658890705,359.86344407300624,335.12584608587235
14.25,31.95,50.85,0.0048828125,0.0771484375,1.01318359375,-0.5267175572519084,0.22137404580152673,-0.916030534351145,4.353315461967578,359.7246749001561,335.96267983656423
12.45,30.9,51.6,0.00537109375,0.0751953125,1.02099609375,-0.4580152671755725,0.26717557251908397,-0.9541984732824428,4.211066729821229,359.6994043861535,338.05487230458243
14.85,33.449999999999996,50.55,0.00439453125,0.07177734375,1.0205078125,-0.2366412213740458,0.17557251908396945,-1.0305343511450382,4.022405671704945,359.753881304219,336.0613544612128
13.35,33.6,51.449999999999996,0.00048828125,0.0771484375,1.02197265625,-0.6641221374045801,0.12213740458015267,-0.8244274809160306,4.31695194644287,359.97270271669765,338.33101503789607
13.799999999999999,34.199999999999996,51.3,0.00390625,0.07373046875,1.02099609375,-0.19083969465648856,0.05343511450381679,-0.6793893129770993,4.129614672048837,359.7813613081286,338.02549200852803
14.7,32.55,52.199999999999996,0.00390625,0.07568359375,1.02099609375,-0.32061068702290074,0.03816793893129771,-0.8778625954198473,4.238614869488933,359.78139174615893,335.6954507340633
14.549999999999999,32.699999999999996,51.3,0.00048828125,0.078125,1.02099609375,-0.3816793893129771,0.22137404580152673,-0.7557251908396947,4.375551228565636,359.97267873129704,336.0131298441219
13.5,35.55,50.85,0.0009765625,0.07763671875,1.0185546875,-0.3816793893129771,0.1297709923664122,-0.8473282442748091,4.3585874147331625,359.945225269758,339.20588504449637
12.9,32.1,51.75,0.00048828125,0.07666015625,1.01953125,-0.5343511450381679,0.07633587786259542,-0.46564885496183206,4.299965397616451,359.9726367384563,338.1063268582716
13.35,31.799999999999997,51.75,0.00439453125,0.078125,1.02001953125,-0.3969465648854962,0.13740458015267176,-0.9389312977099237,4.378888787733735,359.7538760337977,337.2267843856498
13.65,33.3,49.65,0.0048828125,0.07470703125,1.0205078125,-0.5877862595419847,0.21374045801526717,-0.8854961832061069,4.185913504344951,359.72659122603727,337.71078993555096
13.5,32.25,49.199999999999996,0.005859375,0.0751953125,1.02392578125,-0.3969465648854962,0.35877862595419846,-0.9312977099236641,4.198964470333467,359.67301128365176,337.28558764683277
15.299999999999999,31.2,50.85,0.00244140625,0.0751953125,1.02197265625,-0.5267175572519084,0.33587786259541985,-0.7786259541984732,4.207659066064387,359.8634944957342,333.8773784809615
14.399999999999999,32.85,52.199999999999996,0.001953125,0.07373046875,1.02197265625,-0.26717557251908397,0.22137404580152673,-1.1145038167938932,4.126075773306853,359.8907841769331,336.32946151527955
13.049999999999999,32.699999999999996,51.6,0.00341796875,0.0732421875,1.0224609375,-0.4198473282442748,0.16793893129770993,-1.1603053435114503,4.096601213781882,359.80895706458676,338.24391944367926
12.75,33.0,50.55,0.0,0.07666015625,1.01904296875,-0.5343511450381679,0.030534351145038167,-1.0381679389312977,4.302120652521673,-0.0,338.8752808539275
13.65,32.1,50.699999999999996,0.00390625,0.08203125,1.02099609375,-0.35877862595419846,0.061068702290076333,-0.6030534351145038,4.592649284311802,359.78149606898484,336.96317015061607
13.35,32.1,50.4,0.00146484375,0.0751953125,1.02001953125,-0.5725190839694656,0.26717557251908397,-0.7557251908396947,4.21588693960274,359.9179406173951,337.4181674257385
12.15,33.3,51.449999999999996,0.00146484375,0.07568359375,1.0185546875,-0.16030534351145037,0.13740458015267176,-0.9236641221374046,4.24924273579913,359.91782614414456,339.954750574579
13.5,31.95,50.55,0.0009765625,0.07763671875,1.01953125,-0.549618320610687,-0.08396946564885496,-0.9618320610687023,4.354428786576797,359.94527743331514,337.09423034158283
12.9,31.349999999999998,50.699999999999996,0.005859375,0.07763671875,1.02197265625,-0.33587786259541985,0.1450381679389313,-0.8473282442748091,4.343033292246269,359.6724479282452,337.6336545457316
13.95,33.6,51.449999999999996,0.00048828125,0.07421875,1.0185546875,-0.40458015267175573,0.183206106870229,-0.7862595419847328,4.167490979546956,359.9726058147133,337.4528223323595
14.7,32.55,51.449999999999996,0.00048828125,0.076171875,1.0205078125,-0.48091603053435117,0.16030534351145037,-1.0687022900763359,4.268605360717914,359.972661802398,335.6954507340633
12.75,31.95,49.8,0.00048828125,0.076171875,1.0166015625,-0.5648854961832062,0.22900763358778625,-1.1068702290076335,4.284945937256366,359.9725573418457,338.2449838472443
13.049999999999999,32.25,51.3,0.0009765625,0.076171875,1.02294921875,-0.40458015267175573,0.05343511450381679,-0.8702290076335878,4.2583542667112155,359.9454533893122,337.9692251275432
14.549999999999999,32.699999999999996,49.8,0.00244140625,0.076171875,1.0224609375,-0.3511450381679389,0.09923664122137404,-0.5954198473282443,4.260076257142265,359.8635689267636,336.0131298441219
11.7,32.25,50.55,0.0029296875,0.07568359375,1.0185546875,-0.29770992366412213,0.31297709923664124,-0.8625954198473282,4.24893834426112,359.8356526263414,340.0596994316696
14.549999999999999,32.699999999999996,49.5,0.0009765625,0.07763671875,1.02197265625,-0.3511450381679389,0.09923664122137404,-0.9541984732824428,4.344066785796413,359.9454074098193,336.0131298441219
13.799999999999999,33.0,50.25,-0.00390625,0.07568359375,1.0166015625,-0.4580152671755725,-0.015267175572519083,-0.7404580152671756,4.258496678468093,0.21954803955488003,337.30620505490765
14.399999999999999,32.55,50.699999999999996,0.00244140625,0.07373046875,1.01806640625,-0.5343511450381679,0.22137404580152673,-0.8396946564885496,4.1417517672447115,359.8629592274813,336.1355781603173
13.95,32.1,51.449999999999996,0.005859375,0.07861328125,1.02294921875,-0.42748091603053434,-0.022900763358778626,-0.7709923664122137,4.393269283126411,359.672782547793,336.51122512701363
12.15,32.55,49.65,0.001953125,0.0751953125,1.0146484375,-0.48854961832061067,0.030534351145038167,-0.816793893129771,4.23801965233974,359.89001152435316,339.5308103675178
13.799999999999999,32.25,51.6,0.00341796875,0.08056640625,1.02392578125,-0.33587786259541985,0.03816793893129771,-0.9847328244274809,4.498234571422966,359.8093308664033,336.8335800497948
14.25,32.699999999999996,50.55,0.00634765625,0.08251953125,1.0244140625,-0.5725190839694656,-0.12213740458015267,-0.9923664122137404,4.603977419148119,359.646124487334,336.45339964422766
13.65,32.85,50.699999999999996,0.00048828125,0.07666015625,1.0205078125,-0.2595419847328244,0.1984732824427481,-1.0458015267175573,4.295866107304639,359.9726627763903,337.43588830667477
12.45,31.95,49.5,0.00537109375,0.07470703125,1.01904296875,-0.4580152671755725,-0.08396946564885496,-0.8473282442748091,4.191807714983679,359.69882082742953,338.7105619193482
13.799999999999999,31.95,50.55,0.0009765625,0.07763671875,1.02197265625,-0.5801526717557252,0.04580152671755725,-0.9465648854961832,4.344066785796413,359.9454074098193,336.63928264257027
12.75,32.699999999999996,52.35,0.00341796875,0.0771484375,1.02001953125,-0.33587786259541985,0.1984732824427481,-0.7557251908396947,4.324567798724892,359.8085559137185,338.69877905622195
13.95,32.1,50.699999999999996,0.0029296875,0.07421875,1.0166015625,-0.4122137404580153,0.10687022900763359,-1.1145038167938932,4.174969671404877,359.835321218683,336.51122512701363
14.7,31.349999999999998,50.699999999999996,-0.0009765625,0.07958984375,1.02001953125,-0.4122137404580153,0.19083969465648856,-0.8320610687022901,4.461834356941606,0.05468849853238248,334.87814185089564
14.549999999999999,32.25,50.25,0.00390625,0.07763671875,1.02294921875,-0.5343511450381679,0.21374045801526717,-0.5648854961832062,4.339316775933949,359.7818379012278,335.7168750554553
13.799999999999999,33.449999999999996,51.9,0.00341796875,0.07470703125,1.021484375,-0.366412213740458,0.12213740458015267,-1.0534351145038168,4.182225569548088,359.80879511232393,337.58110794413454
14.25,33.0,49.8,-0.00146484375,0.07763671875,1.02197265625,-0.11450381679389313,0.030534351145038167,-0.8549618320610687,4.344583716691855,0.08188885429428307,336.644435140714
12.6,31.799999999999997,51.449999999999996,0.00048828125,0.07568359375,1.01953125,-0.5954198473282443,0.1297709923664122,-0.7938931297709924,4.245390323342064,359.9726347910378,338.38522105721376
13.65,32.1,50.699999999999996,-0.0009765625,0.07763671875,1.01806640625,-0.3816793893129771,0.12213740458015267,-0.8091603053435115,4.361086399209437,0.05480084922299922,336.96317015061607
13.65,32.55,51.449999999999996,0.00390625,0.07666015625,1.02197265625,-0.40458015267175573,0.22137404580152673,-1.0076335877862594,4.289017245644192,359.7816149672083,337.2490236572124
13.5,31.95,50.25,0.00048828125,0.076171875,1.02392578125,-0.35877862595419846,-0.061068702290076333,-0.8244274809160306,4.254409063699066,359.9727525569855,337.09423034158283
13.799999999999999,31.95,52.35,0.0048828125,0.078125,1.013671875,-0.46564885496183206,0.10687022900763359,-0.9083969465648855,4.406090327180079,359.72482694290807,336.63928264257027
14.25,33.449999999999996,49.8,-0.001953125,0.07568359375,1.0234375,-0.3282442748091603,-0.09923664122137404,-0.816793893129771,4.229748494304423,0.10904519968124349,336.9255604935915
13.95,33.3,51.15,0.00634765625,0.076171875,1.02490234375,-0.5267175572519084,0.061068702290076333,-0.816793893129771,4.2491601295182,359.64612336905634,337.2702679200553
12.45,31.5,49.5,0.00341796875,0.07666015625,1.01953125,-0.5648854961832062,0.183206106870229,-0.816793893129771,4.299350006334375,359.80845786818793,338.4341803845847
12.45,31.95,51.3,0.0,0.078125,1.01806640625,-0.4961832061068702,0.06870229007633588,-0.8702290076335878,4.388198151828322,-0.0,338.7105619193482
13.5,31.5,49.8,0.00341796875,0.0771484375,1.02099609375,-0.45038167938931295,-0.030534351145038167,-0.7862595419847328,4.320447794476373,359.80873798477495,336.8014094863518
13.35,31.349999999999998,51.75,0.0029296875,0.078125,1.017578125,-0.3816793893129771,0.2900763358778626,-0.9083969465648855,4.389666143306972,359.8355254277482,336.93388504106304
13.049999999999999,33.75,50.55,0.0048828125,0.07568359375,1.021484375,-0.3435114503816794,0.16030534351145037,-1.1068702290076335,4.236394799058841,359.72687033449694,338.86017519134236
12.0,31.95,50.85,0.00244140625,0.076171875,1.017578125,-0.2595419847328244,0.22137404580152673,-0.8625954198473282,4.280439843488263,359.8629179088169,339.41448164540657
14.399999999999999,32.85,50.4,0.001953125,0.07666015625,1.01953125,-0.3893129770992366,0.06870229007633588,-1.0610687022900764,4.299657679997195,359.890547078646,336.32946151527955
14.7,31.799999999999997,52.199999999999996,0.00244140625,0.07763671875,1.02099609375,-0.4580152671755725,-0.05343511450381679,-0.8473282442748091,4.347894984310867,359.86338895037136,335.19059162454045
15.0,33.6,51.449999999999996,0.00244140625,0.078125,1.0234375,-0.46564885496183206,0.2748091603053435,-1.099236641221374,4.364739143749493,359.86371788691304,335.9426505499883
13.35,33.9,49.949999999999996,0.0009765625,0.07568359375,1.01513671875,-0.2748091603053435,0.1984732824427481,-0.9083969465648855,4.263598408466945,359.94503397341134,338.50521637580766
13.049999999999999,31.95,52.35,0.0029296875,0.07666015625,1.01904296875,0.0,0.007633587786259542,-1.0076335877862594,4.301504645388489,359.8357426430934,337.7824057304817
13.049999999999999,33.0,52.35,0.00390625,0.0751953125,1.021484375,-0.4580152671755725,-0.08396946564885496,-1.0076335877862594,4.2093622095207675,359.7814879997947,338.4234550558106
13.65,33.6,49.65,0.00634765625,0.07373046875,1.0244140625,-0.4732824427480916,0.05343511450381679,-0.9312977099236641,4.115397599365421,359.64589421816714,337.8905516562483
12.45,32.699999999999996,49.8,0.005859375,0.080078125,1.0185546875,-0.4580152671755725,0.24427480916030533,-0.8549618320610687,4.494023971846356,359.6714157398248,339.1564720975483
12.45,33.449999999999996,51.6,0.00048828125,0.07373046875,1.02001953125,-0.3435114503816794,0.1450381679389313,-0.8854961832061069,4.134244031617715,359.97264400327583,339.58486885811203
13.5,32.25,50.25,0.00146484375,0.07470703125,1.0166015625,-0.29770992366412213,0.007633587786259542,-0.4732824427480916,4.202640154141278,359.9176633205671,337.28558764683277
13.35,32.1,50.4,0.00537109375,0.07470703125,1.0205078125,-0.3053435114503817,0.15267175572519084,-0.8015267175572519,4.185813745067649,359.69925082802064,337.4181674257385
13.5,31.95,51.3,0.00439453125,0.08056640625,1.017578125,-0.5190839694656488,0.22137404580152673,-0.9847328244274809,4.525957412107968,359.7533348596392,337.09423034158283
13.65,32.55,51.15,0.0029296875,0.0732421875,1.01904296875,-0.5877862595419847,0.061068702290076333,-0.6946564885496184,4.110390421529479,359.83570233493253,337.2490236572124
12.9,32.55,51.15,0.00048828125,0.07666015625,1.02001953125,-0.44274809160305345,0.10687022900763359,-0.8625954198473282,4.297914776833542,359.97264976360293,338.3809153700262
14.549999999999999,30.45,50.55,0.00146484375,0.0771484375,1.0224609375,-0.46564885496183206,0.11450381679389313,-0.8778625954198473,4.314692934448446,359.9181470859972,334.4600124352861
14.25,31.5,51.3,-0.001953125,0.07763671875,1.0166015625,-0.3511450381679389,0.16030534351145037,-0.9083969465648855,4.36755536626397,0.10975861010367838,335.6589100633075
14.85,32.25,51.9,0.0029296875,0.07666015625,1.0224609375,-0.6335877862595419,0.183206106870229,-0.9236641221374046,4.287180966005225,359.83628865892985,335.275578608991
11.85,32.85,51.449999999999996,0.00244140625,0.07666015625,1.0234375,-0.35877862595419846,0.030534351145038167,-0.8549618320610687,4.283207739120842,359.8637032195537,340.1640749732943
12.0,33.0,51.6,0.00390625,0.076171875,1.021484375,-0.48854961832061067,0.183206106870229,-0.8702290076335878,4.263828928135942,359.7815033925527,340.01689347810003
13.65,32.1,52.8,0.00146484375,0.078125,1.02099609375,-0.24427480916030533,0.29770992366412213,-0.7709923664122137,4.375342799709628,359.91803624358994,336.96317015061607
13.95,31.799999999999997,51.15,0.00048828125,0.0703125,1.0166015625,-0.5648854961832062,0.09923664122137404,-1.0,3.956424871298961,359.97254600284265,336.31393588713337
13.65,32.55,49.949999999999996,0.00048828125,0.07958984375,1.021484375,-0.31297709923664124,0.06870229007633588,-0.9083969465648855,4.4551432391961185,359.9726947203158,337.2490236572124
13.95,31.799999999999997,50.699999999999996,0.0009765625,0.07666015625,1.02392578125,-0.3282442748091603,0.007633587786259542,-0.9007633587786259,4.281478119233042,359.9455070549433,336.31393588713337
14.549999999999999,33.0,49.8,-0.00146484375,0.076171875,1.0185546875,-0.40458015267175573,0.05343511450381679,-0.7251908396946565,4.277168621472479,0.08217093560255626,336.2068815019242
13.35,32.85,51.449999999999996,0.00244140625,0.07666015625,1.021484375,-0.3053435114503817,0.015267175572519083,-0.7557251908396947,4.2913658890705,359.86344407300624,337.88353441445696
13.5,33.0,51.6,0.001953125,0.078125,1.02099609375,-0.5343511450381679,-0.16793893129770993,-1.1908396946564885,4.37523859271333,359.8907150494352,337.7509763427876
13.5,33.0,49.8,-0.00146484375,0.07421875,1.01708984375,-0.6335877862595419,0.16793893129770993,-1.1603053435114503,4.173871120331788,0.08230024087291862,337.7509763427876
14.85,32.25,50.85,0.00048828125,0.08056640625,1.02099609375,-0.46564885496183206,-0.022900763358778626,-0.8473282442748091,4.511731164134684,359.9726837774494,335.275578608991
13.049999999999999,32.25,51.6,0.00244140625,0.07763671875,1.01611328125,-0.6183206106870229,-0.07633587786259542,-0.9465648854961832,4.368705087371782,359.8627362856176,337.9692251275432
14.7,34.35,48.9,0.001953125,0.076171875,1.021484375,-0.29770992366412213,0.16793893129770993,-0.8549618320610687,4.264235017611669,359.8907512990844,336.8316128465025
13.5,33.449999999999996,49.8,0.00146484375,0.078125,1.02001953125,-0.3816793893129771,0.08396946564885496,-0.9312977099236641,4.379515145893753,359.91795822936894,338.02161569573286
14.85,33.0,50.55,-0.00048828125,0.07421875,1.01904296875,-0.48091603053435117,0.183206106870229,-0.916030534351145,4.165700071622431,0.02738112845792151,335.77225468204585
13.95,32.1,51.15,0.0078125,0.078125,1.0185546875,-0.3053435114503817,0.015267175572519083,-0.9694656488549618,4.384427812427094,359.56182653545983,336.51122512701363
12.45,31.95,50.55,0.00341796875,0.080078125,1.01806640625,-0.6183206106870229,0.11450381679389313,-0.8015267175572519,4.496706733902875,359.80823309704584,338.7105619193482
13.5,34.199999999999996,51.3,0.00146484375,0.07763671875,1.0244140625,-0.31297709923664124,0.06870229007633588,-0.9083969465648855,4.3336510077165,359.91830518893397,338.45902408146156
12.45,32.25,51.9,-0.00146484375,0.07470703125,1.01953125,-0.5419847328244275,-0.03816793893129771,-0.8091603053435115,4.191207546992851,0.0821013455150745,338.89109240154744
14.25,33.0,51.3,0.00439453125,0.07373046875,1.01953125,-0.4961832061068702,0.19083969465648856,-0.7633587786259542,4.135427656646163,359.7536802278286,336.644435140714
13.65,32.55,49.65,0.00048828125,0.07861328125,1.02197265625,-0.5038167938931297,0.061068702290076333,-1.0,4.398600688538007,359.9727056810117,337.2490236572124
12.6,31.799999999999997,51.449999999999996,0.0009765625,0.07861328125,1.0205078125,-0.31297709923664124,0.015267175572519083,-1.0458015267175573,4.404784527255622,359.9453334794897,338.38522105721376
13.65,32.1,51.15,0.00146484375,0.07763671875,1.0185546875,-0.3816793893129771,-0.022900763358778626,-0.9236641221374046,4.358483352409836,359.9178379359248,336.96317015061607
12.9,31.799999999999997,51.449999999999996,-0.00341796875,0.0791015625,1.01953125,-0.183206106870229,0.22900763358778625,-0.8320610687022901,4.437215302113514,0.1915073009820968,337.91955483246664
12.6,31.799999999999997,51.449999999999996,-0.0009765625,0.078125,1.01904296875,-0.24427480916030533,0.15267175572519084,-0.9083969465648855,4.38421853871629,0.054746642870914464,338.38522105721376
13.5,32.699999999999996,50.85,0.00146484375,0.0751953125,1.01953125,-0.13740458015267176,0.1984732824427481,-1.0458015267175573,4.217898612849106,359.9179015295562,337.5670090778746
14.399999999999999,33.3,49.949999999999996,0.0029296875,0.07666015625,1.021484375,-0.2748091603053435,0.13740458015267176,-1.2366412213740459,4.291263720753839,359.836133024128,336.61477894278624
13.65,32.55,49.35,0.00146484375,0.07470703125,1.02197265625,-0.5725190839694656,0.183206106870229,-1.0458015267175573,4.180632795246705,359.91809374363703,337.2490236572124
12.9,32.55,51.15,-0.00048828125,0.0771484375,1.02392578125,-0.2748091603053435,0.07633587786259542,-0.7709923664122137,4.308953356160647,0.02724550830670426,338.3809153700262
15.0,31.049999999999997,51.449999999999996,0.001953125,0.0771484375,1.021484375,-0.3816793893129771,0.17557251908396945,-1.1297709923664123,4.31869916435589,359.89075909319865,334.2151933055224
14.549999999999999,33.0,50.55,0.00439453125,0.0791015625,1.02197265625,-0.4351145038167939,0.2824427480916031,-1.16793893129771,4.424970684371261,359.7543616179776,336.2068815019242
12.75,31.95,48.75,0.0029296875,0.07421875,1.0205078125,-0.48091603053435117,0.20610687022900764,-0.9389312977099237,4.159047396608062,359.83594824177607,338.2449838472443
11.7,34.5,49.8,0.00244140625,0.07763671875,1.01708984375,-0.4961832061068702,0.22900763358778625,-0.9389312977099237,4.36452717643719,359.8628673155402,341.2666383570831
13.799999999999999,32.699999999999996,50.55,0.0009765625,0.07958984375,1.02099609375,-0.366412213740458,0.022900763358778626,-1.1374045801526718,4.457159085119116,359.9453634938067,337.1193628235823
12.75,32.699999999999996,50.55,0.01123046875,0.080078125,1.017578125,-0.6412213740458015,-0.061068702290076333,-1.1068702290076335,4.497136272489361,359.36963134227403,338.69877905622195
14.399999999999999,32.1,51.15,0.00439453125,0.0771484375,1.02392578125,-0.3511450381679389,-0.08396946564885496,-1.0,4.307930034916098,359.7547919038236,335.8390848766757
13.049999999999999,32.25,50.55,-0.00048828125,0.07763671875,1.021484375,-0.29770992366412213,0.33587786259541985,-0.916030534351145,4.346445685055383,0.02730927430706656,337.9692251275432
14.549999999999999,33.449999999999996,51.3,0.00244140625,0.078125,1.0244140625,-0.46564885496183206,0.1297709923664122,-1.0534351145038168,4.360594836561465,359.86384705105706,336.49204003334455
13.65,33.9,51.15,0.0029296875,0.0771484375,1.0185546875,-0.2595419847328244,0.3511450381679389,-0.9847328244274809,4.330865926938321,359.83567025853074,338.067579051018
13.95,32.1,51.75,0.0029296875,0.07666015625,1.02001953125,-0.5114503816793893,-0.08396946564885496,-1.1450381679389312,4.297402426629877,359.8358990178659,336.51122512701363
13.65,31.349999999999998,51.449999999999996,0.00439453125,0.0771484375,1.0234375,-0.24427480916030533,0.16030534351145037,-1.0687022900763359,4.309977162769988,359.75467557751233,336.4713683239146
14.399999999999999,32.1,52.5,0.001953125,0.07373046875,1.015625,-0.20610687022900764,0.2900763358778626,-1.015267175572519,4.151771378522344,359.8901051472174,335.8390848766757
14.399999999999999,32.1,50.699999999999996,0.0009765625,0.07470703125,1.021484375,-0.5419847328244275,0.3282442748091603,-0.9770992366412213,4.18272355999933,359.9453698458493,335.8390848766757
13.799999999999999,32.699999999999996,51.3,0.0,0.07568359375,1.01513671875,-0.6870229007633588,0.12213740458015267,-1.1145038167938932,4.263802731465974,-0.0,337.1193628235823
13.5,32.699999999999996,51.6,0.0,0.07470703125,1.0185546875,-0.6946564885496184,0.1450381679389313,-0.8702290076335878,4.194911318279757,-0.0,337.5670090778746
14.25,31.95,49.8,0.0029296875,0.076171875,1.02099609375,-0.32061068702290074,-0.030534351145038167,-0.8473282442748091,4.266063376128276,359.8360492604467,335.96267983656423
14.25,31.5,50.55,0.00048828125,0.07421875,1.01806640625,-0.4351145038167939,0.22137404580152673,-0.9465648854961832,4.169482680952215,359.9725927454592,335.6589100633075
12.15,31.049999999999997,50.4,0.00146484375,0.07666015625,1.02392578125,-0.5190839694656488,0.2824427480916031,-0.8854961832061069,4.281376420306435,359.91826061322234,338.6293777306568
14.399999999999999,33.6,50.4,0.00634765625,0.08056640625,1.0185546875,-0.549618320610687,0.09923664122137404,-0.9465648854961832,4.521205392203667,359.6440477687885,336.8014094863518
11.85,32.55,51.15,0.00244140625,0.07861328125,1.01953125,-0.4198473282442748,0.13740458015267176,-0.8091603053435115,4.4086713890673765,359.863203784066,339.995696372329
13.799999999999999,33.0,50.25,0.0009765625,0.07373046875,1.0185546875,-0.44274809160305345,0.22137404580152673,-1.0763358778625953,4.1400700428791675,359.9452097443942,337.30620505490765
13.35,31.349999999999998,49.949999999999996,0.0009765625,0.07861328125,1.02001953125,-0.3816793893129771,0.2366412213740458,-0.9618320610687023,4.406884683843018,359.94530746523833,336.93388504106304
15.899999999999999,32.25,50.55,0.0009765625,0.07421875,1.01953125,-0.5648854961832062,0.03816793893129771,-0.9847328244274809,4.163413924054472,359.94526384441525,333.75563080742273
13.35,33.3,51.449999999999996,0.00048828125,0.0771484375,1.01953125,-0.4580152671755725,0.33587786259541985,-0.8320610687022901,4.327250009782726,359.9726377213702,338.15410622172226
14.85,34.199999999999996,49.5,0.00537109375,0.07470703125,1.02099609375,-0.35877862595419846,-0.030534351145038167,-0.8244274809160306,4.1838195558116835,359.69939388955925,336.5290068818391
13.049999999999999,31.5,51.3,0.00390625,0.0751953125,1.017578125,-0.5114503816793893,0.24427480916030533,-0.9694656488549618,4.2254594853244045,359.7806537372385,337.4964715002326
13.049999999999999,33.0,51.6,0.00537109375,0.07763671875,1.0185546875,-0.3511450381679389,0.12213740458015267,-1.0687022900763359,4.357651032329024,359.69874166812167,338.4234550558106
13.799999999999999,32.699999999999996,50.55,0.00341796875,0.0751953125,1.017578125,-0.3053435114503817,0.1297709923664122,-0.6412213740458015,4.225560479750911,359.80807180032645,337.1193628235823
13.65,32.85,49.65,0.00244140625,0.0732421875,1.0185546875,-0.48091603053435117,0.1984732824427481,-0.9923664122137404,4.112452066041415,359.86301986714125,337.43588830667477
13.049999999999999,31.2,49.8,0.0048828125,0.0791015625,1.02294921875,-0.366412213740458,0.022900763358778626,-1.183206106870229,4.420658961485436,359.72732785808006,337.30194229325247
13.95,32.55,51.75,0.00341796875,0.07470703125,1.02099609375,-0.32061068702290074,0.3435114503816794,-0.816793893129771,4.1842182419085105,359.8087041580122,336.8014094863518
14.7,32.1,51.75,0.00146484375,0.0791015625,1.01806640625,-0.40458015267175573,-0.03816793893129771,-1.0458015267175573,4.442514037399805,359.9178078079848,335.39487608204837
13.35,32.55,50.699999999999996,0.00048828125,0.0751953125,1.021484375,-0.5267175572519084,0.2595419847328244,-1.0381679389312977,4.210063903980177,359.9726858696179,337.6995900072262
13.35,33.3,51.15,0.001953125,0.07568359375,1.02197265625,-0.5343511450381679,0.08396946564885496,-0.9083969465648855,4.2349832352205175,359.8907993527591,338.15410622172226
14.399999999999999,32.1,51.15,0.00244140625,0.07666015625,1.0234375,-0.2748091603053435,0.2366412213740458,-0.9847328244274809,4.283207739120842,359.8637032195537,335.8390848766757
13.95,34.35,49.949999999999996,0.0029296875,0.07373046875,1.021484375,-0.25190839694656486,0.2900763358778626,-0.7251908396946565,4.127844465495329,359.8360986101152,337.8972631215466
13.95,33.3,49.65,0.0009765625,0.07666015625,1.02099609375,-0.2900763358778626,0.2824427480916031,-0.8931297709923665,4.293717101296291,359.9453515661005,337.2702679200553
14.399999999999999,32.85,50.4,0.0048828125,0.07373046875,1.0205078125,-0.2824427480916031,0.0916030534351145,-0.7251908396946565,4.1313863949097405,359.7265722977744,336.32946151527955
13.799999999999999,32.25,50.85,0.00048828125,0.07763671875,1.0205078125,-0.5877862595419847,0.1984732824427481,-0.7862595419847328,4.350381742924712,359.9726647427283,336.8335800497948
13.799999999999999,31.5,50.55,0.0029296875,0.0771484375,1.0224609375,-0.32061068702290074,0.08396946564885496,-0.9236641221374046,4.314385070177936,359.83629450610124,336.3420030012373
15.299999999999999,33.0,50.55,0.00634765625,0.07666015625,1.01806640625,-0.1984732824427481,0.1297709923664122,-0.9007633587786259,4.304894865280956,359.6437732158175,335.12584608587235
13.5,33.0,50.85,0.00244140625,0.07763671875,1.0224609375,-0.3816793893129771,0.015267175572519083,-0.9312977099236641,4.34169048417068,359.86358354471867,337.7509763427876
12.6,33.3,51.15,0.0009765625,0.07861328125,1.0205078125,-0.4122137404580153,0.13740458015267176,-1.0076335877862594,4.404784527255622,359.9453334794897,339.2744411344395
13.95,31.799999999999997,50.699999999999996,0.0,0.07666015625,1.0185546875,-0.5419847328244275,0.061068702290076333,-0.9541984732824428,4.304175282083853,-0.0,336.31393588713337
13.95,31.799999999999997,51.15,-0.00341796875,0.07421875,1.0205078125,-0.6106870229007634,0.1984732824427481,-0.9847328244274809,4.160336555086547,0.1913935290582484,336.31393588713337
13.049999999999999,31.5,51.6,0.00537109375,0.076171875,1.02099609375,-0.3435114503816794,0.09923664122137404,-0.8625954198473282,4.2655553418004475,359.69942558113496,337.4964715002326
14.25,31.95,50.85,0.00146484375,0.078125,1.0185546875,-0.31297709923664124,0.37404580152671757,-0.9083969465648855,4.385788577727394,359.9178409300034,335.96267983656423
13.95,32.1,52.199999999999996,0.0,0.07666015625,1.02197265625,-0.2824427480916031,0.0916030534351145,-0.916030534351145,4.289833874002119,-0.0,336.51122512701363
13.35,33.6,51.75,0.0009765625,0.07763671875,1.017578125,-0.32061068702290074,0.007633587786259542,-0.9847328244274809,4.362753978374448,359.9451730069473,338.33101503789607
13.95,31.799999999999997,50.4,0.001953125,0.07568359375,1.02197265625,-0.35877862595419846,0.03816793893129771,-0.9312977099236641,4.2349832352205175,359.8907993527591,336.31393588713337
12.75,34.199999999999996,49.199999999999996,-0.00048828125,0.07568359375,1.02001953125,-0.20610687022900764,0.1297709923664122,-0.9312977099236641,4.243567928961031,0.027352181035676496,339.55419183441245
13.5,32.25,49.5,-0.001953125,0.07666015625,1.02001953125,-0.33587786259541985,-0.1450381679389313,-0.8549618320610687,4.298427248990555,0.10940082094559563,337.28558764683277
14.549999999999999,32.25,50.55,0.0029296875,0.07275390625,1.01904296875,-0.32061068702290074,0.007633587786259542,-0.7786259541984732,4.08308080891076,359.83569672432554,335.7168750554553
14.85,32.699999999999996,49.8,0.00048828125,0.07470703125,1.02099609375,-0.2595419847328244,0.05343511450381679,-0.7938931297709924,4.184816413289692,359.9726719231016,335.5758501892451
12.6,32.1,51.449999999999996,0.0048828125,0.07568359375,1.01953125,-0.37404580152671757,0.10687022900763359,-0.7404580152671756,4.244478930895329,359.7263499703398,338.56883272376683
13.5,32.25,49.8,0.0029296875,0.07763671875,1.02197265625,-0.366412213740458,0.25190839694656486,-0.9236641221374046,4.3436533294704045,359.8362226259586,337.28558764683277
13.5,30.9,50.55,0.00146484375,0.07568359375,1.02001953125,-0.5343511450381679,0.15267175572519084,-0.7480916030534351,4.243163164496606,359.91794350676076,336.3998101320822
13.799999999999999,31.95,49.8,0.00341796875,0.0732421875,1.02001953125,-0.16793893129770993,0.22137404580152673,-0.9923664122137404,4.106371247529459,359.8085021513813,336.63928264257027
14.549999999999999,31.2,51.3,0.00439453125,0.07470703125,1.01953125,-0.5114503816793893,0.11450381679389313,-1.1221374045801527,4.190007725523842,359.7536973120794,334.9981883271618
13.95,32.55,50.4,0.00390625,0.07666015625,1.01220703125,-0.33587786259541985,0.21374045801526717,-0.9618320610687023,4.330232459201348,359.779520000221,336.8014094863518
14.85,32.699999999999996,51.6,0.00244140625,0.07373046875,1.025390625,-0.5954198473282443,0.3282442748091603,-0.9236641221374046,4.112273191400001,359.8639330334739,335.5758501892451
13.35,32.55,49.949999999999996,0.00146484375,0.076171875,1.021484375,-0.4122137404580153,0.1297709923664122,-1.1068702290076335,4.264336552044872,359.9180634308701,337.6995900072262
12.9,33.9,50.699999999999996,0.001953125,0.07763671875,1.0146484375,-0.48091603053435117,0.13740458015267176,-0.9007633587786259,4.375091793778342,359.89003134159736,339.16662984298546
13.049999999999999,33.0,50.85,0.00341796875,0.08056640625,1.01806640625,-0.4122137404580153,0.21374045801526717,-0.7633587786259542,4.524012199616686,359.8082403084697,338.4234550558106
13.049999999999999,33.0,50.55,0.0009765625,0.07421875,1.01953125,-0.48854961832061067,0.17557251908396945,-1.0076335877862594,4.163413924054472,359.94526384441525,338.4234550558106
14.549999999999999,32.699999999999996,51.9,0.0048828125,0.0732421875,1.021484375,-0.19083969465648856,-0.04580152671755725,-0.8396946564885496,4.100210712291229,359.72682299604,336.0131298441219
12.9,31.799999999999997,51.449999999999996,0.001953125,0.0751953125,1.021484375,-0.40458015267175573,0.15267175572519084,-1.3206106870229009,4.209763149190833,359.89074360262146,337.91955483246664
13.799999999999999,33.75,50.85,0.00390625,0.07666015625,1.0244140625,-0.5648854961832062,-0.12213740458015267,-0.8473282442748091,4.278835513481607,359.78213252046334,337.7608925385199
12.9,31.799999999999997,52.5,0.00048828125,0.076171875,1.02099609375,-0.42748091603053434,0.11450381679389313,-0.9694656488549618,4.266571531262096,359.97267480423255,337.91955483246664
14.85,32.25,50.85,0.0,0.07763671875,1.01171875,-0.2595419847328244,0.07633587786259542,-1.0381679389312977,4.38813222732203,-0.0,335.275578608991
